40.423845610, -86.907995380
40.423960211, -86.908324957
40.423988542, -86.909191981
40.422093909, -86.909174882
40.422127601, -86.910340637
40.416706815, -86.910244413
40.416937316, -86.916369572
40.420383001, -86.916542239
40.420439156, -86.918069087
40.420345990, -86.919594258
40.420418736, -86.921961978
40.418930878, -86.922076643
40.417343691, -86.924249232
40.420836576, -86.924357191
40.420875629, -86.926121414
40.421494088, -86.926972009
40.421618647, -86.927429661
40.421622220, -86.928975284
40.421641874, -86.930587962
40.424244542, -86.930614449
40.426339722, -86.930579580
40.427390733, -86.930626184
40.428226324, -86.930876300
40.429068540, -86.931268238
40.429609849, -86.931565292
40.430624570, -86.931975670
40.430862424, -86.931513660
40.431055362, -86.931158938
40.431453995, -86.929664612
40.431576494, -86.927504428
40.432078737, -86.927729733
40.433419821, -86.927196980
40.433219234, -86.926188134
40.433345813, -86.925232597
40.433420586, -86.924382672
40.433261852, -86.923256814
40.434024129, -86.923011728
40.435049500, -86.922538318
40.435662981, -86.922293566
40.436438500, -86.921216659
40.436358626, -86.919600964
40.438755816, -86.919698529
40.438685642, -86.918836869
40.438848701, -86.917375736
40.437239528, -86.915828437
40.436803927, -86.915534399
40.435656346, -86.915341616
40.434220885, -86.915221587
40.432507989, -86.915138774
40.431309548, -86.914046444
40.431353699, -86.912765019
40.431309548, -86.910379194
40.427955026, -86.910371818
40.425691956, -86.907968558
40.423845610, -86.907995380
