40.36661,-87.09215
40.3759,-87.09183
40.38074,-87.09217
40.38817,-87.09226
40.38817,-87.09291
40.47574,-87.09277
40.47575,-87.09368
40.48429,-87.09356
40.48694,-87.09386
40.4876,-87.09371
40.48797,-87.09385
40.50479,-87.09423
40.53405,-87.09475
40.54867,-87.09475
40.5629,-87.09536
40.56284,-87.03008
40.56231,-87.00205
40.56216,-87.00001
40.56174,-86.96315
40.56154,-86.91843
40.56133,-86.91127
40.5616,-86.89255
40.56213,-86.81078
40.56187,-86.69535
40.42164,-86.6946
40.37504,-86.69473
40.33266,-86.69522
40.32302,-86.6951
40.24344,-86.6953
40.21437,-86.69564
40.2146,-86.77147
40.21487,-86.82057
40.215,-86.82178
40.21486,-86.84741
40.21505,-86.92334
40.21501,-86.93748
40.21487,-86.93771
40.21481,-86.94086
40.21491,-86.96005
40.21471,-87.05089
40.21481,-87.09256
40.24389,-87.09258
40.24582,-87.0922
40.24944,-87.09223
40.25004,-87.09265
40.25656,-87.0927
40.30157,-87.09252
40.30157,-87.09283
40.33066,-87.0928
40.34531,-87.09233
40.36661,-87.09215

